variable,type,description,values,missing,source_column,derivation
dept_code,character,"Two-digit DANE code of the department. Key for department-level joins.","33 codes, 05 to 99; Bogotá D.C. is 11; leading zero kept",never,DepartamentoCodigo,"Read as text; asserted to match ^[0-9]{2}$."
dept_name,character,"Canonical department name: the spelling used in the latest year in which the code appears.","33 names; code 88 is Archipiélago de San Andrés, Providencia Y Santa Catalina",never,Departamento,"One name per dept_code, taken from the row with the highest year. Figures use shorter labels defined in index.qmd (dept_short)."
mpio_code,character,"Five-digit DANE code of the municipality; its first two digits equal dept_code. Together with year it identifies every municipal row exactly once. The token #TODOS marks a department aggregate row.","1,095 municipality codes plus #TODOS; all codes exist in the DANE MGN 2020 register",never,MunicipioCodigo,"Read as text; asserted to match ^[0-9]{5}$ or equal #TODOS, and to start with dept_code."
mpio_name,character,"Canonical municipality name: the spelling used in the latest year in which the code appears. #TODOS on department rows. Names are not stable across years and 63 names are shared by municipalities in different departments, so they are labels, not keys.","1,095 names plus #TODOS",never,Municipio,"One name per mpio_code, taken from the row with the highest year."
year,integer,Calendar year of the annual IRCA.,"2007 to 2024, every year present",never,Año,"Thousands separator removed (2,024 becomes 2024) and converted to integer; asserted to lie between 2000 and 2030."
level,character,"Aggregation level of the row: municipality-year or department-year. Filter on it before any count or average, or departments are counted twice.","municipality (18,591 rows) or department (569 rows)",never,MunicipioCodigo,"department when MunicipioCodigo equals #TODOS, municipality otherwise; asserted to agree with Municipio."
irca,numeric,"Annual Índice de Riesgo de la Calidad del Agua para Consumo Humano for the whole unit, a 0 to 100 score of deviation from Resolution 2115 of 2007.","0 to 100",never (0 rows),IRCA,"Converted from text to numeric; the only non-numeric token allowed is ND; values asserted within 0 and 100."
risk,factor,"Risk band of irca under Resolution 2115: no risk 0 to 5, low 5.1 to 14, medium 14.1 to 35, high 35.1 to 80, sanitarily unviable above 80.","No risk | Low risk | Medium risk | High risk | Sanitarily unviable",never; always missing together with irca,Nivel de riesgo,"The two raw spellings per band (Bajo riesgo and Riesgo bajo, Alto riesgo and Riesgo alto) are mapped to one English level by keyword; the reported band agrees with the band implied by the value in every row."
irca_urb,numeric,Annual IRCA for the urban area of the unit.,"0 to 100","NA where the raw value is ND (1,268 rows, 7% of municipal rows)",IRCAurbano,"Converted from text to numeric; ND read as NA; values asserted within 0 and 100."
risk_urb,factor,Risk band of irca_urb.,"No risk | Low risk | Medium risk | High risk | Sanitarily unviable",NA exactly when irca_urb is NA,Nivel de riesgo urbano,Same keyword mapping as risk.
irca_rur,numeric,"Annual IRCA for the rural area of the unit. ND does not always mean unsampled: in some rows with a rural ND the overall irca differs from irca_urb by more than one point, so rural samples entered the overall index.","0 to 100","NA where the raw value is ND (9,615 rows, 51% of municipal rows)",IRCArural,"Converted from text to numeric; ND read as NA; values asserted within 0 and 100."
risk_rur,factor,Risk band of irca_rur.,"No risk | Low risk | Medium risk | High risk | Sanitarily unviable",NA exactly when irca_rur is NA,Nivel de riesgo rural,Same keyword mapping as risk.
